{
  "train_loss": [
    0.8975407167543933,
    0.847080549715539,
    0.8069334865481855,
    0.8011802567144529,
    0.7857757100305047,
    0.7721034263404155,
    0.7623866934486537,
    0.7554926467570094,
    0.7494038248389085,
    0.735952276797601,
    0.7412489707125679,
    0.7229414395216686,
    0.7212756504035502,
    0.7193795532653267,
    0.6986284721567606,
    0.7092533462564931,
    0.6985032635691603,
    0.6938735393626486,
    0.6849194366337632,
    0.6810212803002358,
    0.6809035675857105,
    0.680637879937719,
    0.6781660713121179,
    0.6608674893314462,
    0.6683862370231775,
    0.6635170671913565,
    0.6639444385846798,
    0.6608723229572124,
    0.6551323735159422,
    0.6522189438679616,
    0.6554047838594683,
    0.6378766572036292,
    0.6451818230781032,
    0.6340011852135033,
    0.6357085916761366,
    0.6332505368744055,
    0.6310688024023651,
    0.6327328547478748,
    0.6301456509209602,
    0.6339590698680945,
    0.6130970782828479,
    0.6250159733636497,
    0.6223446627591496,
    0.6186216802534861,
    0.623113459406376,
    0.6113555281993746,
    0.6179242244440563,
    0.615346149159042,
    0.6087690884626562,
    0.6085241992296022,
    0.605138529129136,
    0.5971874657434364,
    0.6041752706294612,
    0.6063264838692064,
    0.6010966530632158,
    0.6030177835912979,
    0.5936060684619652,
    0.5944704827793698,
    0.6016153498069674,
    0.5950050605789056,
    0.5892814977430598,
    0.5949340762871509,
    0.592838354571015
  ],
  "val_loss": [
    0.8601881876171432,
    0.7240600732957462,
    0.7214972815710603,
    0.7154256726093454,
    0.6990809531866563,
    0.6804772966687329,
    0.67122915354563,
    0.6655415642015264,
    0.6719313729577047,
    0.6472233441881247,
    0.6350604844701682,
    0.6445038648161535,
    0.6363645547939825,
    0.6318890768151961,
    0.63907195969891,
    0.6268272365139003,
    0.6389028991268153,
    0.6357461616740916,
    0.6308286052428068,
    0.6357398837768582,
    0.6203771159686555,
    0.6196119985198048,
    0.6191876710982108,
    0.6382702704188601,
    0.6317176361854572,
    0.6492755494894118,
    0.6534753022477809,
    0.6110181739669235,
    0.6253375258944014,
    0.6351992846404362,
    0.629181791916218,
    0.6362785686119793,
    0.6257845015601139,
    0.6306414423852181,
    0.6297998541325585,
    0.6446293450502695,
    0.6324704934730854,
    0.6274602912900514,
    0.6441912320810274,
    0.634046694777571,
    0.6656450476420461,
    0.6517025501730955,
    0.6450228318843633,
    0.6317491348864531,
    0.6351450893163392,
    0.6423652624012054,
    0.6457115341507504,
    0.6351328033723055,
    0.6435720362900819,
    0.6347215337857586,
    0.6313023210875464,
    0.6390677699196816,
    0.6478300742795952,
    0.6500196580029345,
    0.6510107502757706,
    0.6556139344288396,
    0.6582187052051178,
    0.6523525257156947,
    0.648051794939748,
    0.6624156542276264,
    0.6617196523114803,
    0.6526281139830338,
    0.6574326248823655
  ],
  "train_acc": [
    0.1664425920946491,
    0.6023124495832213,
    0.7294971766603926,
    0.7036837859639689,
    0.6870126378058617,
    0.6819037375638612,
    0.6926593170207045,
    0.6767948373218607,
    0.6880881957515461,
    0.6845926324280721,
    0.6837859639688089,
    0.6821726270502824,
    0.6660392578650175,
    0.6808281796181769,
    0.6641570314600699,
    0.6695348211884915,
    0.6633503630008066,
    0.6598547996773326,
    0.661199247109438,
    0.667652594783544,
    0.6668459263242807,
    0.657703683785964,
    0.671148158107018,
    0.6660392578650175,
    0.6633503630008066,
    0.6598547996773326,
    0.657703683785964,
    0.6482925517612261,
    0.6698037106749126,
    0.6665770368378596,
    0.661199247109438,
    0.6504436676525948,
    0.6552836784081743,
    0.6617370260822801,
    0.6439903199784889,
    0.6603925786501748,
    0.6482925517612261,
    0.6767948373218607,
    0.6590481312180694,
    0.6641570314600699,
    0.6523258940575424,
    0.6423769830599624,
    0.6606614681365959,
    0.6630814735143856,
    0.6361925248722775,
    0.650981446625437,
    0.6523258940575424,
    0.6531325625168056,
    0.6668459263242807,
    0.6628125840279645,
    0.6464103253562785,
    0.6558214573810164,
    0.6550147889217531,
    0.651250336111858,
    0.6456036568970154,
    0.6442592094649099,
    0.648023662274805,
    0.657972573272385,
    0.6520570045711213,
    0.651250336111858,
    0.6437214304920678,
    0.6469481043291208,
    0.6542081204624899
  ],
  "val_acc": [
    0.551640340218712,
    0.7812879708383961,
    0.778857837181045,
    0.7764277035236938,
    0.778857837181045,
    0.7885783718104495,
    0.7837181044957473,
    0.7934386391251519,
    0.7739975698663426,
    0.795868772782503,
    0.8068043742405833,
    0.7667071688942891,
    0.7837181044957473,
    0.778857837181045,
    0.772782503037667,
    0.7946537059538274,
    0.7776427703523694,
    0.7812879708383961,
    0.787363304981774,
    0.7776427703523694,
    0.795868772782503,
    0.8007290400972054,
    0.7970838396111786,
    0.7679222357229648,
    0.7715674362089915,
    0.7484811664641555,
    0.7302551640340219,
    0.8055893074119077,
    0.7764277035236938,
    0.7752126366950183,
    0.787363304981774,
    0.8031591737545565,
    0.7995139732685298,
    0.7897934386391251,
    0.8068043742405833,
    0.7752126366950183,
    0.7922235722964763,
    0.787363304981774,
    0.7812879708383961,
    0.7849331713244229,
    0.7618469015795869,
    0.7812879708383961,
    0.7861482381530984,
    0.7995139732685298,
    0.7691373025516404,
    0.7764277035236938,
    0.7703523693803159,
    0.8007290400972054,
    0.7837181044957473,
    0.7982989064398542,
    0.7982989064398542,
    0.778857837181045,
    0.778857837181045,
    0.7691373025516404,
    0.7545565006075334,
    0.7679222357229648,
    0.7654921020656136,
    0.7752126366950183,
    0.795868772782503,
    0.7679222357229648,
    0.7812879708383961,
    0.764277035236938,
    0.7618469015795869
  ],
  "train_f1": [
    0.14269248501613646,
    0.37590199697935894,
    0.42179726368159204,
    0.4130366161616162,
    0.40723621294230156,
    0.40543565147881694,
    0.4092136616362192,
    0.4036241180243746,
    0.4076138897738133,
    0.40638467677573825,
    0.4061002874480997,
    0.4055306905370844,
    0.3997740477727566,
    0.4050551911694129,
    0.39909516884795604,
    0.4010307617973909,
    0.3988037504041384,
    0.3975376640207355,
    0.39802525089025576,
    0.4003547242824895,
    0.4000645265365382,
    0.3967558799675588,
    0.401609010458568,
    0.3997740477727566,
    0.3988037504041384,
    0.3975376640207355,
    0.3967558799675588,
    0.3933115823817292,
    0.4011272141706924,
    0.39996773152629883,
    0.39802525089025576,
    0.3941023134571522,
    0.3958739441195582,
    0.3982200647249191,
    0.391723912332352,
    0.3977327935222672,
    0.3933115823817292,
    0.4036241180243746,
    0.3972447325769854,
    0.39909516884795604,
    0.39479251423921885,
    0.39112639161755075,
    0.39783031088082904,
    0.39870654810024253,
    0.38882497945768285,
    0.394299674267101,
    0.39479251423921885,
    0.3950878334417697,
    0.4000645265365382,
    0.39860931435963776,
    0.3926179977135391,
    0.3960701526469633,
    0.3957757920389927,
    0.39439830646474516,
    0.3923202614379085,
    0.3918233851185609,
    0.3932125958557677,
    0.39685371391501784,
    0.3946940104166667,
    0.39439830646474516,
    0.3916244070014723,
    0.39281632653061227,
    0.395481144343303
  ],